python,machine_learning,deep_learning,web_development,data_analysis,automation,ai,problem_solving,research,building_products,career
1,1,1,0,0,0,1,1,1,1,AI Engineer
1,1,1,0,0,0,1,1,1,0,Machine Learning Engineer
1,1,0,0,1,0,0,1,1,1,Data Scientist
1,0,0,1,0,0,0,1,0,1,Backend Developer
1,0,0,1,0,1,0,1,0,1,Backend Developer
1,0,0,0,1,0,0,1,1,0,Data Analyst
1,0,0,0,1,1,0,1,0,1,Data Analyst
1,0,0,0,0,1,1,1,0,1,Automation Engineer
1,1,0,0,0,1,1,1,1,1,AI Engineer
0,0,0,1,0,0,0,0,0,1,Frontend Developer
0,0,0,1,0,1,0,0,0,1,Frontend Developer
1,1,0,0,1,0,1,1,1,1,Data Scientist